Date,Region,CustomerID,ProductID,Quantity,Price
2026-01-05,West,C001,3001,3,12.50
2026-01-07,East,C002,3004,2,25.00
2026-01-12,North,C003,3001,5,12.50
2026-01-18,South,C004,3007,4,18.00
2026-01-24,West,C005,3003,2,32.00
2026-02-03,South,C001,3007,3,18.00
2026-02-08,East,C006,3002,6,9.50
2026-02-14,North,C007,3005,2,45.00
2026-02-21,West,C002,3004,4,25.00
2026-02-27,South,C008,3008,5,15.00
2026-03-04,East,C003,3001,4,12.50
2026-03-11,North,C009,3006,3,28.00
2026-03-16,West,C010,3009,2,55.00
2026-03-22,South,C004,3007,6,18.00
2026-03-29,East,C006,3002,8,9.50
2026-04-05,North,C001,3005,3,45.00
2026-04-12,West,C005,3003,5,32.00
2026-04-19,South,C011,3008,7,15.00
2026-04-26,East,C012,3004,3,25.00
2026-05-03,North,C007,3006,4,28.00
2026-05-10,West,C002,3004,6,25.00
2026-05-17,South,C008,3007,3,18.00
2026-05-24,East,C003,3001,7,12.50
2026-05-31,North,C009,3009,2,55.00
2026-06-07,West,C010,3003,4,32.00
2026-06-14,South,C004,3008,5,15.00
2026-06-21,East,C006,3002,9,9.50
2026-06-28,North,C001,3005,2,45.00
2026-07-05,West,C005,3009,3,55.00
2026-07-12,South,C011,3007,5,18.00
2026-07-19,East,C012,3004,4,25.00
2026-07-26,North,C007,3006,5,28.00
2026-08-02,West,C002,3003,7,32.00
2026-08-09,South,C008,3008,8,15.00
2026-08-16,East,C003,3001,6,12.50
2026-08-23,North,C009,3009,3,55.00
2026-09-01,West,C010,3004,5,25.00
2026-09-08,South,C004,3007,7,18.00
2026-09-15,East,C006,3002,10,9.50
2026-09-22,North,C001,3005,4,45.00